Workbook

Sheet unidade
A3: codigoUnidade | B3: nomeFatecUnidade | C3: fatecDenominacaoOficial | D3: nomeDiretor
A4: 204 | B4: Ipiranga | C4: Pastor Enéas Togini | D4: Fabiana

Sheet parametros
A5: AnoBase | B5: 2025
A6: MesBase | B6: 9
B8: Matricula Responsavel | C8: 123456
B9: Lista de Professores
A11: Sequencia | B11: Matricula | C11: NomeProf | D11: Nome da Aba | E11: Emite Grade
A12: 1 | B12: 1234567 | C12: Carlos Henrique Veríssimo Pereira | D12: ="Prof"&A12&"-"&B12 -> Prof1-1234567
A13: 2 | B13: 1234568 | C13: Professor2 | D13: ="Prof"&A13&"-"&B13 -> Prof2-1234568

Sheet AulasRemotas
A7: MesBase | B7: Inicio | C7: Fim
A8: 1 | B8: 1 | C8: 7
A9: 1 | B9: 21 | C9: 1
A10: 3 | B10: 1 | C10: 1
A11: 4 | B11: 1 | C11: 1
A12: 5 | B12: 1 | C12: 1
A13: 6 | B13: 1 | C13: 1
A14: 7 | B14: 1 | C14: 1
A15: 8 | B15: 1 | C15: 1
A16: 9 | B16: 1 | C16: 1
A17: 10 | B17: 1 | C17: 1
A18: 11 | B18: 1 | C18: 1
A19: 12 | B19: 1 | C19: 1
A20: 13 | B20: 1 | C20: 1
A21: 14 | B21: Sex | C21: Nao
A22: 15 | B22: Sáb | C22: Nao
A23: 16 | B23: Dom | C23: Nao
A24: 17 | B24: Seg | C24: Nao
A25: 18 | B25: Ter | C25: Nao
A26: 19 | B26: Qua | C26: Nao
A27: 20 | B27: Qui | C27: Nao
A28: 21 | B28: Sex | C28: Nao
A29: 22 | B29: Sáb | C29: Nao
A30: 23 | B30: Dom | C30: Nao
A31: 24 | B31: Seg | C31: Nao
A32: 25 | B32: Ter | C32: Nao
... A38: 31 | B38: Seg | C38: Nao

Sheet Prof1-1234567
A6: Matrícula | C6: Prof1-1234567
A7: Nome do Professor | C7: Carlos Henrique Veríssimo Pereira
H11: Manha | I11: Tarde | J11: Manha
A12: Regime Juridico | C12: Carga Horária | D12: Categoria | E12: Hora Atividade | F12: HAE-O | G12: HAE-C | H12: Obs-Manha | I12: Obs-Tarde | J12: Obs-Noite
A13: CLT | C13: 18 | D13: CLT | E13: 12 | F13: yyyy | G13: ttttttt | H13: Esta é a observação 1-manha | I13: Esta é a observação - tarde | J13: Esta é a observação - Noite
A21: Grade
A22: ID DisciplinaGrade | B22: Curso | C22: Disciplina | D22: Dia Semana | E22: Periodo | F22: Aula1 | G22: Aula2 | H22: Aula3 | I22: Aula4 | J22: Aula5 | K22: Aula6
A23: 17 | B23: =INDEX(disciplinaGrade!$A$3:$L$400,MATCH('Prof1-1234567'!A23,disciplinaGrade!$A$3:$A$400,0),MATCH(disciplinaGrade!$C$3,disciplinaGrade!$A$3:$L$3,0)) -> ADS | C23: =INDEX(disciplinaGrade!$A$3:$L$400,MATCH('Prof1-1234567'!A23,disciplinaGrade!$A$3:$A$400,0),MATCH(disciplinaGrade!$D$3,disciplinaGrade!$A$3:$L$3,0)) -> laboratóeio de engenharia de Software | D23: =INDEX(disciplinaGrade!$A$3:$L$400,MATCH('Prof1-1234567'!A23,disciplinaGrade!$A$3:$A$400,0),MATCH(disciplinaGrade!$E$3,disciplinaGrade!$A$3:$L$3,0)) -> Quarta | E23: =INDEX(disciplinaGrade!$A$3:$L$400,MATCH('Prof1-1234567'!A23,disciplinaGrade!$A$3:$A$400,0),MATCH(disciplinaGrade!$F$3,disciplinaGrade!$A$3:$L$3,0)) -> Tarde | F23: =INDEX(disciplinaGrade!$A$3:$L$400,MATCH('Prof1-1234567'!A23,disciplinaGrade!$A$3:$A$400,0),MATCH(disciplinaGrade!$G$3,disciplinaGrade!$A$3:$L$3,0)) -> X | G23: =INDEX(disciplinaGrade!$A$3:$L$400,MATCH('Prof1-1234567'!A23,disciplinaGrade!$A$3:$A$400,0),MATCH(disciplinaGrade!$H$3,disciplinaGrade!$A$3:$L$3,0)) -> X | H23: =INDEX(disciplinaGrade!$A$3:$L$400,MATCH('Prof1-1234567'!A23,disciplinaGrade!$A$3:$A$400,0),MATCH(disciplinaGrade!$I$3,disciplinaGrade!$A$3:$L$3,0)) -> X | I23: =INDEX(disciplinaGrade!$A$3:$L$400,MATCH('Prof1-1234567'!A23,disciplinaGrade!$A$3:$A$400,0),MATCH(disciplinaGrade!$J$3,disciplinaGrade!$A$3:$L$3,0)) -> X | J23: =INDEX(disciplinaGrade!$A$3:$L$400,MATCH('Prof1-1234567'!A23,disciplinaGrade!$A$3:$A$400,0),MATCH(disciplinaGrade!$K$3,disciplinaGrade!$A$3:$L$3,0)) -> 0 | K23: =INDEX(disciplinaGrade!$A$3:$L$400,MATCH('Prof1-1234567'!A23,disciplinaGrade!$A$3:$A$400,0),MATCH(disciplinaGrade!$L$3,disciplinaGrade!$A$3:$L$3,0)) -> 0
A24: 18 | B24: =INDEX(disciplinaGrade!$A$3:$L$400,MATCH('Prof1-1234567'!A24,disciplinaGrade!$A$3:$A$400,0),MATCH(disciplinaGrade!$C$3,disciplinaGrade!$A$3:$L$3,0)) -> ADS | C24: =INDEX(disciplinaGrade!$A$3:$L$400,MATCH('Prof1-1234567'!A24,disciplinaGrade!$A$3:$A$400,0),MATCH(disciplinaGrade!$D$3,disciplinaGrade!$A$3:$L$3,0)) -> laboratóeio de engenharia de Software | D24: =INDEX(disciplinaGrade!$A$3:$L$400,MATCH('Prof1-1234567'!A24,disciplinaGrade!$A$3:$A$400,0),MATCH(disciplinaGrade!$E$3,disciplinaGrade!$A$3:$L$3,0)) -> Quarta | E24: =INDEX(disciplinaGrade!$A$3:$L$400,MATCH('Prof1-1234567'!A24,disciplinaGrade!$A$3:$A$400,0),MATCH(disciplinaGrade!$F$3,disciplinaGrade!$A$3:$L$3,0)) -> Noite | F24: =INDEX(disciplinaGrade!$A$3:$L$400,MATCH('Prof1-1234567'!A24,disciplinaGrade!$A$3:$A$400,0),MATCH(disciplinaGrade!$G$3,disciplinaGrade!$A$3:$L$3,0)) -> 0 | G24: =INDEX(disciplinaGrade!$A$3:$L$400,MATCH('Prof1-1234567'!A24,disciplinaGrade!$A$3:$A$400,0),MATCH(disciplinaGrade!$H$3,disciplinaGrade!$A$3:$L$3,0)) -> 0 | H24: =INDEX(disciplinaGrade!$A$3:$L$400,MATCH('Prof1-1234567'!A24,disciplinaGrade!$A$3:$A$400,0),MATCH(disciplinaGrade!$I$3,disciplinaGrade!$A$3:$L$3,0)) -> X | I24: =INDEX(disciplinaGrade!$A$3:$L$400,MATCH('Prof1-1234567'!A24,disciplinaGrade!$A$3:$A$400,0),MATCH(disciplinaGrade!$J$3,disciplinaGrade!$A$3:$L$3,0)) -> X | J24: =INDEX(disciplinaGrade!$A$3:$L$400,MATCH('Prof1-1234567'!A24,disciplinaGrade!$A$3:$A$400,0),MATCH(disciplinaGrade!$K$3,disciplinaGrade!$A$3:$L$3,0)) -> X | K24: =INDEX(disciplinaGrade!$A$3:$L$400,MATCH('Prof1-1234567'!A24,disciplinaGrade!$A$3:$A$400,0),MATCH(disciplinaGrade!$L$3,disciplinaGrade!$A$3:$L$3,0)) -> X
A25: 19 | B25: =INDEX(disciplinaGrade!$A$3:$L$400,MATCH('Prof1-1234567'!A25,disciplinaGrade!$A$3:$A$400,0),MATCH(disciplinaGrade!$C$3,disciplinaGrade!$A$3:$L$3,0)) -> ADS | C25: =INDEX(disciplinaGrade!$A$3:$L$400,MATCH('Prof1-1234567'!A25,disciplinaGrade!$A$3:$A$400,0),MATCH(disciplinaGrade!$D$3,disciplinaGrade!$A$3:$L$3,0)) -> PEM | D25: =INDEX(disciplinaGrade!$A$3:$L$400,MATCH('Prof1-1234567'!A25,disciplinaGrade!$A$3:$A$400,0),MATCH(disciplinaGrade!$E$3,disciplinaGrade!$A$3:$L$3,0)) -> Sexta | E25: =INDEX(disciplinaGrade!$A$3:$L$400,MATCH('Prof1-1234567'!A25,disciplinaGrade!$A$3:$A$400,0),MATCH(disciplinaGrade!$F$3,disciplinaGrade!$A$3:$L$3,0)) -> Tarde | F25: =INDEX(disciplinaGrade!$A$3:$L$400,MATCH('Prof1-1234567'!A25,disciplinaGrade!$A$3:$A$400,0),MATCH(disciplinaGrade!$G$3,disciplinaGrade!$A$3:$L$3,0)) -> X | G25: =INDEX(disciplinaGrade!$A$3:$L$400,MATCH('Prof1-1234567'!A25,disciplinaGrade!$A$3:$A$400,0),MATCH(disciplinaGrade!$H$3,disciplinaGrade!$A$3:$L$3,0)) -> X | H25: =INDEX(disciplinaGrade!$A$3:$L$400,MATCH('Prof1-1234567'!A25,disciplinaGrade!$A$3:$A$400,0),MATCH(disciplinaGrade!$I$3,disciplinaGrade!$A$3:$L$3,0)) -> X | I25: =INDEX(disciplinaGrade!$A$3:$L$400,MATCH('Prof1-1234567'!A25,disciplinaGrade!$A$3:$A$400,0),MATCH(disciplinaGrade!$J$3,disciplinaGrade!$A$3:$L$3,0)) -> X | J25: =INDEX(disciplinaGrade!$A$3:$L$400,MATCH('Prof1-1234567'!A25,disciplinaGrade!$A$3:$A$400,0),MATCH(disciplinaGrade!$K$3,disciplinaGrade!$A$3:$L$3,0)) -> 0 | K25: =INDEX(disciplinaGrade!$A$3:$L$400,MATCH('Prof1-1234567'!A25,disciplinaGrade!$A$3:$A$400,0),MATCH(disciplinaGrade!$L$3,disciplinaGrade!$A$3:$L$3,0)) -> 0
A26: 20 | B26: =INDEX(disciplinaGrade!$A$3:$L$400,MATCH('Prof1-1234567'!A26,disciplinaGrade!$A$3:$A$400,0),MATCH(disciplinaGrade!$C$3,disciplinaGrade!$A$3:$L$3,0)) -> BigData | C26: =INDEX(disciplinaGrade!$A$3:$L$400,MATCH('Prof1-1234567'!A26,disciplinaGrade!$A$3:$A$400,0),MATCH(disciplinaGrade!$D$3,disciplinaGrade!$A$3:$L$3,0)) -> Estrutura de Dados | D26: =INDEX(disciplinaGrade!$A$3:$L$400,MATCH('Prof1-1234567'!A26,disciplinaGrade!$A$3:$A$400,0),MATCH(disciplinaGrade!$E$3,disciplinaGrade!$A$3:$L$3,0)) -> Sexta | E26: =INDEX(disciplinaGrade!$A$3:$L$400,MATCH('Prof1-1234567'!A26,disciplinaGrade!$A$3:$A$400,0),MATCH(disciplinaGrade!$F$3,disciplinaGrade!$A$3:$L$3,0)) -> Manha | F26: =INDEX(disciplinaGrade!$A$3:$L$400,MATCH('Prof1-1234567'!A26,disciplinaGrade!$A$3:$A$400,0),MATCH(disciplinaGrade!$G$3,disciplinaGrade!$A$3:$L$3,0)) -> 0 | G26: =INDEX(disciplinaGrade!$A$3:$L$400,MATCH('Prof1-1234567'!A26,disciplinaGrade!$A$3:$A$400,0),MATCH(disciplinaGrade!$H$3,disciplinaGrade!$A$3:$L$3,0)) -> 0 | H26: =INDEX(disciplinaGrade!$A$3:$L$400,MATCH('Prof1-1234567'!A26,disciplinaGrade!$A$3:$A$400,0),MATCH(disciplinaGrade!$I$3,disciplinaGrade!$A$3:$L$3,0)) -> X | I26: =INDEX(disciplinaGrade!$A$3:$L$400,MATCH('Prof1-1234567'!A26,disciplinaGrade!$A$3:$A$400,0),MATCH(disciplinaGrade!$J$3,disciplinaGrade!$A$3:$L$3,0)) -> X | J26: =INDEX(disciplinaGrade!$A$3:$L$400,MATCH('Prof1-1234567'!A26,disciplinaGrade!$A$3:$A$400,0),MATCH(disciplinaGrade!$K$3,disciplinaGrade!$A$3:$L$3,0)) -> X | K26: =INDEX(disciplinaGrade!$A$3:$L$400,MATCH('Prof1-1234567'!A26,disciplinaGrade!$A$3:$A$400,0),MATCH(disciplinaGrade!$L$3,disciplinaGrade!$A$3:$L$3,0)) -> X
A27: 0 | B27: =INDEX(disciplinaGrade!$A$3:$L$400,MATCH('Prof1-1234567'!A27,disciplinaGrade!$A$3:$A$400,0),MATCH(disciplinaGrade!$C$3,disciplinaGrade!$A$3:$L$3,0)) -> #N/A | C27: =INDEX(disciplinaGrade!$A$3:$L$400,MATCH('Prof1-1234567'!A27,disciplinaGrade!$A$3:$A$400,0),MATCH(disciplinaGrade!$D$3,disciplinaGrade!$A$3:$L$3,0)) -> #N/A | D27: =INDEX(disciplinaGrade!$A$3:$L$400,MATCH('Prof1-1234567'!A27,disciplinaGrade!$A$3:$A$400,0),MATCH(disciplinaGrade!$E$3,disciplinaGrade!$A$3:$L$3,0)) -> #N/A | E27: =INDEX(disciplinaGrade!$A$3:$L$400,MATCH('Prof1-1234567'!A27,disciplinaGrade!$A$3:$A$400,0),MATCH(disciplinaGrade!$F$3,disciplinaGrade!$A$3:$L$3,0)) -> #N/A | F27: =INDEX(disciplinaGrade!$A$3:$L$400,MATCH('Prof1-1234567'!A27,disciplinaGrade!$A$3:$A$400,0),MATCH(disciplinaGrade!$G$3,disciplinaGrade!$A$3:$L$3,0)) -> #N/A | G27: =INDEX(disciplinaGrade!$A$3:$L$400,MATCH('Prof1-1234567'!A27,disciplinaGrade!$A$3:$A$400,0),MATCH(disciplinaGrade!$H$3,disciplinaGrade!$A$3:$L$3,0)) -> #N/A | H27: =INDEX(disciplinaGrade!$A$3:$L$400,MATCH('Prof1-1234567'!A27,disciplinaGrade!$A$3:$A$400,0),MATCH(disciplinaGrade!$I$3,disciplinaGrade!$A$3:$L$3,0)) -> #N/A | I27: =INDEX(disciplinaGrade!$A$3:$L$400,MATCH('Prof1-1234567'!A27,disciplinaGrade!$A$3:$A$400,0),MATCH(disciplinaGrade!$J$3,disciplinaGrade!$A$3:$L$3,0)) -> #N/A | J27: =INDEX(disciplinaGrade!$A$3:$L$400,MATCH('Prof1-1234567'!A27,disciplinaGrade!$A$3:$A$400,0),MATCH(disciplinaGrade!$K$3,disciplinaGrade!$A$3:$L$3,0)) -> #N/A | K27: =INDEX(disciplinaGrade!$A$3:$L$400,MATCH('Prof1-1234567'!A27,disciplinaGrade!$A$3:$A$400,0),MATCH(disciplinaGrade!$L$3,disciplinaGrade!$A$3:$L$3,0)) -> #N/A
A28: 0 | B28: =INDEX(disciplinaGrade!$A$3:$L$400,MATCH('Prof1-1234567'!A28,disciplinaGrade!$A$3:$A$400,0),MATCH(disciplinaGrade!$C$3,disciplinaGrade!$A$3:$L$3,0)) -> #N/A | C28: =INDEX(disciplinaGrade!$A$3:$L$400,MATCH('Prof1-1234567'!A28,disciplinaGrade!$A$3:$A$400,0),MATCH(disciplinaGrade!$D$3,disciplinaGrade!$A$3:$L$3,0)) -> #N/A | D28: =INDEX(disciplinaGrade!$A$3:$L$400,MATCH('Prof1-1234567'!A28,disciplinaGrade!$A$3:$A$400,0),MATCH(disciplinaGrade!$E$3,disciplinaGrade!$A$3:$L$3,0)) -> #N/A | E28: =INDEX(disciplinaGrade!$A$3:$L$400,MATCH('Prof1-1234567'!A28,disciplinaGrade!$A$3:$A$400,0),MATCH(disciplinaGrade!$F$3,disciplinaGrade!$A$3:$L$3,0)) -> #N/A | F28: =INDEX(disciplinaGrade!$A$3:$L$400,MATCH('Prof1-1234567'!A28,disciplinaGrade!$A$3:$A$400,0),MATCH(disciplinaGrade!$G$3,disciplinaGrade!$A$3:$L$3,0)) -> #N/A | G28: =INDEX(disciplinaGrade!$A$3:$L$400,MATCH('Prof1-1234567'!A28,disciplinaGrade!$A$3:$A$400,0),MATCH(disciplinaGrade!$H$3,disciplinaGrade!$A$3:$L$3,0)) -> #N/A | H28: =INDEX(disciplinaGrade!$A$3:$L$400,MATCH('Prof1-1234567'!A28,disciplinaGrade!$A$3:$A$400,0),MATCH(disciplinaGrade!$I$3,disciplinaGrade!$A$3:$L$3,0)) -> #N/A | I28: =INDEX(disciplinaGrade!$A$3:$L$400,MATCH('Prof1-1234567'!A28,disciplinaGrade!$A$3:$A$400,0),MATCH(disciplinaGrade!$J$3,disciplinaGrade!$A$3:$L$3,0)) -> #N/A | J28: =INDEX(disciplinaGrade!$A$3:$L$400,MATCH('Prof1-1234567'!A28,disciplinaGrade!$A$3:$A$400,0),MATCH(disciplinaGrade!$K$3,disciplinaGrade!$A$3:$L$3,0)) -> #N/A | K28: =INDEX(disciplinaGrade!$A$3:$L$400,MATCH('Prof1-1234567'!A28,disciplinaGrade!$A$3:$A$400,0),MATCH(disciplinaGrade!$L$3,disciplinaGrade!$A$3:$L$3,0)) -> #N/A
A29: 0 | B29: =INDEX(disciplinaGrade!$A$3:$L$400,MATCH('Prof1-1234567'!A29,disciplinaGrade!$A$3:$A$400,0),MATCH(disciplinaGrade!$C$3,disciplinaGrade!$A$3:$L$3,0)) -> #N/A | C29: =INDEX(disciplinaGrade!$A$3:$L$400,MATCH('Prof1-1234567'!A29,disciplinaGrade!$A$3:$A$400,0),MATCH(disciplinaGrade!$D$3,disciplinaGrade!$A$3:$L$3,0)) -> #N/A | D29: =INDEX(disciplinaGrade!$A$3:$L$400,MATCH('Prof1-1234567'!A29,disciplinaGrade!$A$3:$A$400,0),MATCH(disciplinaGrade!$E$3,disciplinaGrade!$A$3:$L$3,0)) -> #N/A | E29: =INDEX(disciplinaGrade!$A$3:$L$400,MATCH('Prof1-1234567'!A29,disciplinaGrade!$A$3:$A$400,0),MATCH(disciplinaGrade!$F$3,disciplinaGrade!$A$3:$L$3,0)) -> #N/A | F29: =INDEX(disciplinaGrade!$A$3:$L$400,MATCH('Prof1-1234567'!A29,disciplinaGrade!$A$3:$A$400,0),MATCH(disciplinaGrade!$G$3,disciplinaGrade!$A$3:$L$3,0)) -> #N/A | G29: =INDEX(disciplinaGrade!$A$3:$L$400,MATCH('Prof1-1234567'!A29,disciplinaGrade!$A$3:$A$400,0),MATCH(disciplinaGrade!$H$3,disciplinaGrade!$A$3:$L$3,0)) -> #N/A | H29: =INDEX(disciplinaGrade!$A$3:$L$400,MATCH('Prof1-1234567'!A29,disciplinaGrade!$A$3:$A$400,0),MATCH(disciplinaGrade!$I$3,disciplinaGrade!$A$3:$L$3,0)) -> #N/A | I29: =INDEX(disciplinaGrade!$A$3:$L$400,MATCH('Prof1-1234567'!A29,disciplinaGrade!$A$3:$A$400,0),MATCH(disciplinaGrade!$J$3,disciplinaGrade!$A$3:$L$3,0)) -> #N/A | J29: =INDEX(disciplinaGrade!$A$3:$L$400,MATCH('Prof1-1234567'!A29,disciplinaGrade!$A$3:$A$400,0),MATCH(disciplinaGrade!$K$3,disciplinaGrade!$A$3:$L$3,0)) -> #N/A | K29: =INDEX(disciplinaGrade!$A$3:$L$400,MATCH('Prof1-1234567'!A29,disciplinaGrade!$A$3:$A$400,0),MATCH(disciplinaGrade!$L$3,disciplinaGrade!$A$3:$L$3,0)) -> #N/A
A30: 0 | B30: =INDEX(disciplinaGrade!$A$3:$L$400,MATCH('Prof1-1234567'!A30,disciplinaGrade!$A$3:$A$400,0),MATCH(disciplinaGrade!$C$3,disciplinaGrade!$A$3:$L$3,0)) -> #N/A | C30: =INDEX(disciplinaGrade!$A$3:$L$400,MATCH('Prof1-1234567'!A30,disciplinaGrade!$A$3:$A$400,0),MATCH(disciplinaGrade!$D$3,disciplinaGrade!$A$3:$L$3,0)) -> #N/A | D30: =INDEX(disciplinaGrade!$A$3:$L$400,MATCH('Prof1-1234567'!A30,disciplinaGrade!$A$3:$A$400,0),MATCH(disciplinaGrade!$E$3,disciplinaGrade!$A$3:$L$3,0)) -> #N/A | E30: =INDEX(disciplinaGrade!$A$3:$L$400,MATCH('Prof1-1234567'!A30,disciplinaGrade!$A$3:$A$400,0),MATCH(disciplinaGrade!$F$3,disciplinaGrade!$A$3:$L$3,0)) -> #N/A | F30: =INDEX(disciplinaGrade!$A$3:$L$400,MATCH('Prof1-1234567'!A30,disciplinaGrade!$A$3:$A$400,0),MATCH(disciplinaGrade!$G$3,disciplinaGrade!$A$3:$L$3,0)) -> #N/A | G30: =INDEX(disciplinaGrade!$A$3:$L$400,MATCH('Prof1-1234567'!A30,disciplinaGrade!$A$3:$A$400,0),MATCH(disciplinaGrade!$H$3,disciplinaGrade!$A$3:$L$3,0)) -> #N/A | H30: =INDEX(disciplinaGrade!$A$3:$L$400,MATCH('Prof1-1234567'!A30,disciplinaGrade!$A$3:$A$400,0),MATCH(disciplinaGrade!$I$3,disciplinaGrade!$A$3:$L$3,0)) -> #N/A | I30: =INDEX(disciplinaGrade!$A$3:$L$400,MATCH('Prof1-1234567'!A30,disciplinaGrade!$A$3:$A$400,0),MATCH(disciplinaGrade!$J$3,disciplinaGrade!$A$3:$L$3,0)) -> #N/A | J30: =INDEX(disciplinaGrade!$A$3:$L$400,MATCH('Prof1-1234567'!A30,disciplinaGrade!$A$3:$A$400,0),MATCH(disciplinaGrade!$K$3,disciplinaGrade!$A$3:$L$3,0)) -> #N/A | K30: =INDEX(disciplinaGrade!$A$3:$L$400,MATCH('Prof1-1234567'!A30,disciplinaGrade!$A$3:$A$400,0),MATCH(disciplinaGrade!$L$3,disciplinaGrade!$A$3:$L$3,0)) -> #N/A
A31: 0 | B31: =INDEX(disciplinaGrade!$A$3:$L$400,MATCH('Prof1-1234567'!A31,disciplinaGrade!$A$3:$A$400,0),MATCH(disciplinaGrade!$C$3,disciplinaGrade!$A$3:$L$3,0)) -> #N/A | C31: =INDEX(disciplinaGrade!$A$3:$L$400,MATCH('Prof1-1234567'!A31,disciplinaGrade!$A$3:$A$400,0),MATCH(disciplinaGrade!$D$3,disciplinaGrade!$A$3:$L$3,0)) -> #N/A | D31: =INDEX(disciplinaGrade!$A$3:$L$400,MATCH('Prof1-1234567'!A31,disciplinaGrade!$A$3:$A$400,0),MATCH(disciplinaGrade!$E$3,disciplinaGrade!$A$3:$L$3,0)) -> #N/A | E31: =INDEX(disciplinaGrade!$A$3:$L$400,MATCH('Prof1-1234567'!A31,disciplinaGrade!$A$3:$A$400,0),MATCH(disciplinaGrade!$F$3,disciplinaGrade!$A$3:$L$3,0)) -> #N/A | F31: =INDEX(disciplinaGrade!$A$3:$L$400,MATCH('Prof1-1234567'!A31,disciplinaGrade!$A$3:$A$400,0),MATCH(disciplinaGrade!$G$3,disciplinaGrade!$A$3:$L$3,0)) -> #N/A | G31: =INDEX(disciplinaGrade!$A$3:$L$400,MATCH('Prof1-1234567'!A31,disciplinaGrade!$A$3:$A$400,0),MATCH(disciplinaGrade!$H$3,disciplinaGrade!$A$3:$L$3,0)) -> #N/A | H31: =INDEX(disciplinaGrade!$A$3:$L$400,MATCH('Prof1-1234567'!A31,disciplinaGrade!$A$3:$A$400,0),MATCH(disciplinaGrade!$I$3,disciplinaGrade!$A$3:$L$3,0)) -> #N/A | I31: =INDEX(disciplinaGrade!$A$3:$L$400,MATCH('Prof1-1234567'!A31,disciplinaGrade!$A$3:$A$400,0),MATCH(disciplinaGrade!$J$3,disciplinaGrade!$A$3:$L$3,0)) -> #N/A | J31: =INDEX(disciplinaGrade!$A$3:$L$400,MATCH('Prof1-1234567'!A31,disciplinaGrade!$A$3:$A$400,0),MATCH(disciplinaGrade!$K$3,disciplinaGrade!$A$3:$L$3,0)) -> #N/A | K31: =INDEX(disciplinaGrade!$A$3:$L$400,MATCH('Prof1-1234567'!A31,disciplinaGrade!$A$3:$A$400,0),MATCH(disciplinaGrade!$L$3,disciplinaGrade!$A$3:$L$3,0)) -> #N/A
A32: 0 | B32: =INDEX(disciplinaGrade!$A$3:$L$400,MATCH('Prof1-1234567'!A32,disciplinaGrade!$A$3:$A$400,0),MATCH(disciplinaGrade!$C$3,disciplinaGrade!$A$3:$L$3,0)) -> #N/A | C32: =INDEX(disciplinaGrade!$A$3:$L$400,MATCH('Prof1-1234567'!A32,disciplinaGrade!$A$3:$A$400,0),MATCH(disciplinaGrade!$D$3,disciplinaGrade!$A$3:$L$3,0)) -> #N/A | D32: =INDEX(disciplinaGrade!$A$3:$L$400,MATCH('Prof1-1234567'!A32,disciplinaGrade!$A$3:$A$400,0),MATCH(disciplinaGrade!$E$3,disciplinaGrade!$A$3:$L$3,0)) -> #N/A | E32: =INDEX(disciplinaGrade!$A$3:$L$400,MATCH('Prof1-1234567'!A32,disciplinaGrade!$A$3:$A$400,0),MATCH(disciplinaGrade!$F$3,disciplinaGrade!$A$3:$L$3,0)) -> #N/A | F32: =INDEX(disciplinaGrade!$A$3:$L$400,MATCH('Prof1-1234567'!A32,disciplinaGrade!$A$3:$A$400,0),MATCH(disciplinaGrade!$G$3,disciplinaGrade!$A$3:$L$3,0)) -> #N/A | G32: =INDEX(disciplinaGrade!$A$3:$L$400,MATCH('Prof1-1234567'!A32,disciplinaGrade!$A$3:$A$400,0),MATCH(disciplinaGrade!$H$3,disciplinaGrade!$A$3:$L$3,0)) -> #N/A | H32: =INDEX(disciplinaGrade!$A$3:$L$400,MATCH('Prof1-1234567'!A32,disciplinaGrade!$A$3:$A$400,0),MATCH(disciplinaGrade!$I$3,disciplinaGrade!$A$3:$L$3,0)) -> #N/A | I32: =INDEX(disciplinaGrade!$A$3:$L$400,MATCH('Prof1-1234567'!A32,disciplinaGrade!$A$3:$A$400,0),MATCH(disciplinaGrade!$J$3,disciplinaGrade!$A$3:$L$3,0)) -> #N/A | J32: =INDEX(disciplinaGrade!$A$3:$L$400,MATCH('Prof1-1234567'!A32,disciplinaGrade!$A$3:$A$400,0),MATCH(disciplinaGrade!$K$3,disciplinaGrade!$A$3:$L$3,0)) -> #N/A | K32: =INDEX(disciplinaGrade!$A$3:$L$400,MATCH('Prof1-1234567'!A32,disciplinaGrade!$A$3:$A$400,0),MATCH(disciplinaGrade!$L$3,disciplinaGrade!$A$3:$L$3,0)) -> #N/A
A33: 0 | B33: =INDEX(disciplinaGrade!$A$3:$L$400,MATCH('Prof1-1234567'!A33,disciplinaGrade!$A$3:$A$400,0),MATCH(disciplinaGrade!$C$3,disciplinaGrade!$A$3:$L$3,0)) -> #N/A | C33: =INDEX(disciplinaGrade!$A$3:$L$400,MATCH('Prof1-1234567'!A33,disciplinaGrade!$A$3:$A$400,0),MATCH(disciplinaGrade!$D$3,disciplinaGrade!$A$3:$L$3,0)) -> #N/A | D33: =INDEX(disciplinaGrade!$A$3:$L$400,MATCH('Prof1-1234567'!A33,disciplinaGrade!$A$3:$A$400,0),MATCH(disciplinaGrade!$E$3,disciplinaGrade!$A$3:$L$3,0)) -> #N/A | E33: =INDEX(disciplinaGrade!$A$3:$L$400,MATCH('Prof1-1234567'!A33,disciplinaGrade!$A$3:$A$400,0),MATCH(disciplinaGrade!$F$3,disciplinaGrade!$A$3:$L$3,0)) -> #N/A | F33: =INDEX(disciplinaGrade!$A$3:$L$400,MATCH('Prof1-1234567'!A33,disciplinaGrade!$A$3:$A$400,0),MATCH(disciplinaGrade!$G$3,disciplinaGrade!$A$3:$L$3,0)) -> #N/A | G33: =INDEX(disciplinaGrade!$A$3:$L$400,MATCH('Prof1-1234567'!A33,disciplinaGrade!$A$3:$A$400,0),MATCH(disciplinaGrade!$H$3,disciplinaGrade!$A$3:$L$3,0)) -> #N/A | H33: =INDEX(disciplinaGrade!$A$3:$L$400,MATCH('Prof1-1234567'!A33,disciplinaGrade!$A$3:$A$400,0),MATCH(disciplinaGrade!$I$3,disciplinaGrade!$A$3:$L$3,0)) -> #N/A | I33: =INDEX(disciplinaGrade!$A$3:$L$400,MATCH('Prof1-1234567'!A33,disciplinaGrade!$A$3:$A$400,0),MATCH(disciplinaGrade!$J$3,disciplinaGrade!$A$3:$L$3,0)) -> #N/A | J33: =INDEX(disciplinaGrade!$A$3:$L$400,MATCH('Prof1-1234567'!A33,disciplinaGrade!$A$3:$A$400,0),MATCH(disciplinaGrade!$K$3,disciplinaGrade!$A$3:$L$3,0)) -> #N/A | K33: =INDEX(disciplinaGrade!$A$3:$L$400,MATCH('Prof1-1234567'!A33,disciplinaGrade!$A$3:$A$400,0),MATCH(disciplinaGrade!$L$3,disciplinaGrade!$A$3:$L$3,0)) -> #N/A
A34: 0 | B34: =INDEX(disciplinaGrade!$A$3:$L$400,MATCH('Prof1-1234567'!A34,disciplinaGrade!$A$3:$A$400,0),MATCH(disciplinaGrade!$C$3,disciplinaGrade!$A$3:$L$3,0)) -> #N/A | C34: =INDEX(disciplinaGrade!$A$3:$L$400,MATCH('Prof1-1234567'!A34,disciplinaGrade!$A$3:$A$400,0),MATCH(disciplinaGrade!$D$3,disciplinaGrade!$A$3:$L$3,0)) -> #N/A | D34: =INDEX(disciplinaGrade!$A$3:$L$400,MATCH('Prof1-1234567'!A34,disciplinaGrade!$A$3:$A$400,0),MATCH(disciplinaGrade!$E$3,disciplinaGrade!$A$3:$L$3,0)) -> #N/A | E34: =INDEX(disciplinaGrade!$A$3:$L$400,MATCH('Prof1-1234567'!A34,disciplinaGrade!$A$3:$A$400,0),MATCH(disciplinaGrade!$F$3,disciplinaGrade!$A$3:$L$3,0)) -> #N/A | F34: =INDEX(disciplinaGrade!$A$3:$L$400,MATCH('Prof1-1234567'!A34,disciplinaGrade!$A$3:$A$400,0),MATCH(disciplinaGrade!$G$3,disciplinaGrade!$A$3:$L$3,0)) -> #N/A | G34: =INDEX(disciplinaGrade!$A$3:$L$400,MATCH('Prof1-1234567'!A34,disciplinaGrade!$A$3:$A$400,0),MATCH(disciplinaGrade!$H$3,disciplinaGrade!$A$3:$L$3,0)) -> #N/A | H34: =INDEX(disciplinaGrade!$A$3:$L$400,MATCH('Prof1-1234567'!A34,disciplinaGrade!$A$3:$A$400,0),MATCH(disciplinaGrade!$I$3,disciplinaGrade!$A$3:$L$3,0)) -> #N/A | I34: =INDEX(disciplinaGrade!$A$3:$L$400,MATCH('Prof1-1234567'!A34,disciplinaGrade!$A$3:$A$400,0),MATCH(disciplinaGrade!$J$3,disciplinaGrade!$A$3:$L$3,0)) -> #N/A | J34: =INDEX(disciplinaGrade!$A$3:$L$400,MATCH('Prof1-1234567'!A34,disciplinaGrade!$A$3:$A$400,0),MATCH(disciplinaGrade!$K$3,disciplinaGrade!$A$3:$L$3,0)) -> #N/A | K34: =INDEX(disciplinaGrade!$A$3:$L$400,MATCH('Prof1-1234567'!A34,disciplinaGrade!$A$3:$A$400,0),MATCH(disciplinaGrade!$L$3,disciplinaGrade!$A$3:$L$3,0)) -> #N/A
... A52: 0 | B52: =INDEX(disciplinaGrade!$A$3:$L$400,MATCH('Prof1-1234567'!A52,disciplinaGrade!$A$3:$A$400,0),MATCH(disciplinaGrade!$C$3,disciplinaGrade!$A$3:$L$3,0)) -> #N/A | C52: =INDEX(disciplinaGrade!$A$3:$L$400,MATCH('Prof1-1234567'!A52,disciplinaGrade!$A$3:$A$400,0),MATCH(disciplinaGrade!$D$3,disciplinaGrade!$A$3:$L$3,0)) -> #N/A | D52: =INDEX(disciplinaGrade!$A$3:$L$400,MATCH('Prof1-1234567'!A52,disciplinaGrade!$A$3:$A$400,0),MATCH(disciplinaGrade!$E$3,disciplinaGrade!$A$3:$L$3,0)) -> #N/A | E52: =INDEX(disciplinaGrade!$A$3:$L$400,MATCH('Prof1-1234567'!A52,disciplinaGrade!$A$3:$A$400,0),MATCH(disciplinaGrade!$F$3,disciplinaGrade!$A$3:$L$3,0)) -> #N/A | F52: =INDEX(disciplinaGrade!$A$3:$L$400,MATCH('Prof1-1234567'!A52,disciplinaGrade!$A$3:$A$400,0),MATCH(disciplinaGrade!$G$3,disciplinaGrade!$A$3:$L$3,0)) -> #N/A | G52: =INDEX(disciplinaGrade!$A$3:$L$400,MATCH('Prof1-1234567'!A52,disciplinaGrade!$A$3:$A$400,0),MATCH(disciplinaGrade!$H$3,disciplinaGrade!$A$3:$L$3,0)) -> #N/A | H52: =INDEX(disciplinaGrade!$A$3:$L$400,MATCH('Prof1-1234567'!A52,disciplinaGrade!$A$3:$A$400,0),MATCH(disciplinaGrade!$I$3,disciplinaGrade!$A$3:$L$3,0)) -> #N/A | I52: =INDEX(disciplinaGrade!$A$3:$L$400,MATCH('Prof1-1234567'!A52,disciplinaGrade!$A$3:$A$400,0),MATCH(disciplinaGrade!$J$3,disciplinaGrade!$A$3:$L$3,0)) -> #N/A | J52: =INDEX(disciplinaGrade!$A$3:$L$400,MATCH('Prof1-1234567'!A52,disciplinaGrade!$A$3:$A$400,0),MATCH(disciplinaGrade!$K$3,disciplinaGrade!$A$3:$L$3,0)) -> #N/A | K52: =INDEX(disciplinaGrade!$A$3:$L$400,MATCH('Prof1-1234567'!A52,disciplinaGrade!$A$3:$A$400,0),MATCH(disciplinaGrade!$L$3,disciplinaGrade!$A$3:$L$3,0)) -> #N/A

Sheet calendarioFeriados
A6: AnoBase | B6: =parametros!B5 -> 2025
A7: MesBase | B7: =parametros!B6 -> 9
A9: Tabela de feriado do Mês
A10: Dia do Mês | B10: Descricao do Feriado
A11: 1 | B11: 7 de setembro
A12: 2 | B12: Emenda de feriado
A13: 3 | B13: suspensao de aula

Sheet cursos
A4: id do curso | B4: Nome do curso | C4: Coordenador
A5: 1 | B5: ADS | C5: coordenador 1
A6: 2 | B6: BigData | C6: coordenador 2
A7: 3 | B7: curso 3 | C7: coordenador 3
A8: 4 | B8: curso 4 | C8: coordenador 4
A9: 5 | B9: curso 5 | C9: coordenador 5
A10: 6 | B10: curso 6 | C10: coordenador 6
A11: 7 | B11: curso 7 | C11: coordenador 7
A12: 8 | B12: curso 8 | C12: coordenador 8
A13: 9 | B13: curso 9 | C13: coordenador 9
A14: 10 | B14: curso 10 | C14: coordenador 10
A15: 11 | B15: curso 11 | C15: coordenador 11
A16: 12 | B16: curso 12 | C16: coordenador 12
... A19: 15 | B19: curso 15 | C19: coordenador 15

Sheet cursoDisciplina
C2: Curso e suas disciplinas
A4: ID CursoDiscplina | B4: id do curso | C4: Nome do curso | D4: ID Disciplina | E4: Nome Disciplina | F4: Semestre
A5: 1 | B5: 1 | C5: =INDEX(cursos!$A$4:$C$19,MATCH(cursoDisciplina!B5,cursos!$A$4:$A$19,0),MATCH(cursos!$B$4,cursos!$A$4:$C$4,0)) -> ADS | D5: 1 | E5: =INDEX(disciplinaBase!$A$3:$C$53,MATCH(cursoDisciplina!D5,disciplinaBase!$A$3:$A$53,0),MATCH(disciplinaBase!$B$3,disciplinaBase!$A$3:$C$3,0)) -> laboratóeio de engenharia de Software | F5: 2
A6: 2 | B6: 1 | C6: =INDEX(cursos!$A$4:$C$19,MATCH(cursoDisciplina!B6,cursos!$A$4:$A$19,0),MATCH(cursos!$B$4,cursos!$A$4:$C$4,0)) -> ADS | D6: 2 | E6: =INDEX(disciplinaBase!$A$3:$C$53,MATCH(cursoDisciplina!D6,disciplinaBase!$A$3:$A$53,0),MATCH(disciplinaBase!$B$3,disciplinaBase!$A$3:$C$3,0)) -> Estrutura de Dados | F6: 2
A7: 3 | B7: 1 | C7: =INDEX(cursos!$A$4:$C$19,MATCH(cursoDisciplina!B7,cursos!$A$4:$A$19,0),MATCH(cursos!$B$4,cursos!$A$4:$C$4,0)) -> ADS | D7: 3 | E7: =INDEX(disciplinaBase!$A$3:$C$53,MATCH(cursoDisciplina!D7,disciplinaBase!$A$3:$A$53,0),MATCH(disciplinaBase!$B$3,disciplinaBase!$A$3:$C$3,0)) -> PEM | F7: 2
A8: 4 | B8: 2 | C8: =INDEX(cursos!$A$4:$C$19,MATCH(cursoDisciplina!B8,cursos!$A$4:$A$19,0),MATCH(cursos!$B$4,cursos!$A$4:$C$4,0)) -> BigData | D8: 2 | E8: =INDEX(disciplinaBase!$A$3:$C$53,MATCH(cursoDisciplina!D8,disciplinaBase!$A$3:$A$53,0),MATCH(disciplinaBase!$B$3,disciplinaBase!$A$3:$C$3,0)) -> Estrutura de Dados | F8: 3
A9: 5 | B9: 1 | C9: =INDEX(cursos!$A$4:$C$19,MATCH(cursoDisciplina!B9,cursos!$A$4:$A$19,0),MATCH(cursos!$B$4,cursos!$A$4:$C$4,0)) -> ADS | D9: 5 | E9: =INDEX(disciplinaBase!$A$3:$C$53,MATCH(cursoDisciplina!D9,disciplinaBase!$A$3:$A$53,0),MATCH(disciplinaBase!$B$3,disciplinaBase!$A$3:$C$3,0)) -> Disciplina 5 | F9: 2
A10: 6 | B10: 1 | C10: =INDEX(cursos!$A$4:$C$19,MATCH(cursoDisciplina!B10,cursos!$A$4:$A$19,0),MATCH(cursos!$B$4,cursos!$A$4:$C$4,0)) -> ADS | D10: 6 | E10: =INDEX(disciplinaBase!$A$3:$C$53,MATCH(cursoDisciplina!D10,disciplinaBase!$A$3:$A$53,0),MATCH(disciplinaBase!$B$3,disciplinaBase!$A$3:$C$3,0)) -> Disciplina 6 | F10: 2
A11: 7 | B11: 1 | C11: =INDEX(cursos!$A$4:$C$19,MATCH(cursoDisciplina!B11,cursos!$A$4:$A$19,0),MATCH(cursos!$B$4,cursos!$A$4:$C$4,0)) -> ADS | D11: 7 | E11: =INDEX(disciplinaBase!$A$3:$C$53,MATCH(cursoDisciplina!D11,disciplinaBase!$A$3:$A$53,0),MATCH(disciplinaBase!$B$3,disciplinaBase!$A$3:$C$3,0)) -> Disciplina 7 | F11: 2
A12: 8 | B12: 1 | C12: =INDEX(cursos!$A$4:$C$19,MATCH(cursoDisciplina!B12,cursos!$A$4:$A$19,0),MATCH(cursos!$B$4,cursos!$A$4:$C$4,0)) -> ADS | D12: 8 | E12: =INDEX(disciplinaBase!$A$3:$C$53,MATCH(cursoDisciplina!D12,disciplinaBase!$A$3:$A$53,0),MATCH(disciplinaBase!$B$3,disciplinaBase!$A$3:$C$3,0)) -> Disciplina 8 | F12: 2
A13: 9 | B13: 1 | C13: =INDEX(cursos!$A$4:$C$19,MATCH(cursoDisciplina!B13,cursos!$A$4:$A$19,0),MATCH(cursos!$B$4,cursos!$A$4:$C$4,0)) -> ADS | D13: 9 | E13: =INDEX(disciplinaBase!$A$3:$C$53,MATCH(cursoDisciplina!D13,disciplinaBase!$A$3:$A$53,0),MATCH(disciplinaBase!$B$3,disciplinaBase!$A$3:$C$3,0)) -> Disciplina 9 | F13: 2
A14: 10 | B14: 1 | C14: =INDEX(cursos!$A$4:$C$19,MATCH(cursoDisciplina!B14,cursos!$A$4:$A$19,0),MATCH(cursos!$B$4,cursos!$A$4:$C$4,0)) -> ADS | D14: 10 | E14: =INDEX(disciplinaBase!$A$3:$C$53,MATCH(cursoDisciplina!D14,disciplinaBase!$A$3:$A$53,0),MATCH(disciplinaBase!$B$3,disciplinaBase!$A$3:$C$3,0)) -> Disciplina 10 | F14: 2
A15: 11 | B15: 1 | C15: =INDEX(cursos!$A$4:$C$19,MATCH(cursoDisciplina!B15,cursos!$A$4:$A$19,0),MATCH(cursos!$B$4,cursos!$A$4:$C$4,0)) -> ADS | D15: 11 | E15: =INDEX(disciplinaBase!$A$3:$C$53,MATCH(cursoDisciplina!D15,disciplinaBase!$A$3:$A$53,0),MATCH(disciplinaBase!$B$3,disciplinaBase!$A$3:$C$3,0)) -> Disciplina 11 | F15: 2
A16: 12 | B16: 1 | C16: =INDEX(cursos!$A$4:$C$19,MATCH(cursoDisciplina!B16,cursos!$A$4:$A$19,0),MATCH(cursos!$B$4,cursos!$A$4:$C$4,0)) -> ADS | D16: 12 | E16: =INDEX(disciplinaBase!$A$3:$C$53,MATCH(cursoDisciplina!D16,disciplinaBase!$A$3:$A$53,0),MATCH(disciplinaBase!$B$3,disciplinaBase!$A$3:$C$3,0)) -> Disciplina 12 | F16: 2
... A112: 108 | B112: 6 | C112: =INDEX(cursos!$A$4:$C$19,MATCH(cursoDisciplina!B112,cursos!$A$4:$A$19,0),MATCH(cursos!$B$4,cursos!$A$4:$C$4,0)) -> curso 6 | D112: 25 | E112: =INDEX(disciplinaBase!$A$3:$C$53,MATCH(cursoDisciplina!D112,disciplinaBase!$A$3:$A$53,0),MATCH(disciplinaBase!$B$3,disciplinaBase!$A$3:$C$3,0)) -> Disciplina 25 | F112: 2

Sheet disciplinaBase
A3: ID | B3: Nome da disciplina | C3: Carga Horaria
A4: 1 | B4: laboratóeio de engenharia de Software | C4: 40
A5: 2 | B5: Estrutura de Dados | C5: 40
A6: 3 | B6: PEM | C6: 40
A7: 4 | B7: Disciplina 4 | C7: 40
A8: 5 | B8: Disciplina 5 | C8: 40
A9: 6 | B9: Disciplina 6 | C9: 40
A10: 7 | B10: Disciplina 7 | C10: 40
A11: 8 | B11: Disciplina 8 | C11: 40
A12: 9 | B12: Disciplina 9 | C12: 40
A13: 10 | B13: Disciplina 10 | C13: 40
A14: 11 | B14: Disciplina 11 | C14: 40
A15: 12 | B15: Disciplina 12 | C15: 40
... A53: 50 | B53: Disciplina 50 | C53: 40

Sheet disciplinaGrade
A3: ID DisciplinaGrade | B3: Id CursoDiscplina | C3: Curso | D3: Disicplina | E3: DiaSemana | F3: Periodo | G3: Aula1 | H3: Aula2 | I3: Aula3 | J3: Aula4 | K3: Aula5 | L3: Aula6
A4: 1 | B4: 0 | C4: =INDEX(cursoDisciplina!$A$4:$F$112,MATCH(disciplinaGrade!B4,cursoDisciplina!$A$4:$A$112,0),MATCH(cursoDisciplina!$C$4,cursoDisciplina!$A$4:$F$4,0)) -> #N/A | D4: =INDEX(cursoDisciplina!$A$4:$F$112,MATCH(disciplinaGrade!B4,cursoDisciplina!$A$4:$A$112,0),MATCH(cursoDisciplina!$E$4,cursoDisciplina!$A$4:$F$4,0)) -> #N/A | E4: Quarta | F4: Tarde | I4: X | J4: X | K4: X | L4: X
A5: 2 | B5: 0 | C5: =INDEX(cursoDisciplina!$A$4:$F$112,MATCH(disciplinaGrade!B5,cursoDisciplina!$A$4:$A$112,0),MATCH(cursoDisciplina!$C$4,cursoDisciplina!$A$4:$F$4,0)) -> #N/A | D5: =INDEX(cursoDisciplina!$A$4:$F$112,MATCH(disciplinaGrade!B5,cursoDisciplina!$A$4:$A$112,0),MATCH(cursoDisciplina!$E$4,cursoDisciplina!$A$4:$F$4,0)) -> #N/A | E5: Quarta | F5: Noite | G5: X | H5: X | I5: X | J5: X
A6: 3 | B6: 0 | C6: =INDEX(cursoDisciplina!$A$4:$F$112,MATCH(disciplinaGrade!B6,cursoDisciplina!$A$4:$A$112,0),MATCH(cursoDisciplina!$C$4,cursoDisciplina!$A$4:$F$4,0)) -> #N/A | D6: =INDEX(cursoDisciplina!$A$4:$F$112,MATCH(disciplinaGrade!B6,cursoDisciplina!$A$4:$A$112,0),MATCH(cursoDisciplina!$E$4,cursoDisciplina!$A$4:$F$4,0)) -> #N/A | E6: Sexta | F6: Tarde | I6: X | J6: X | K6: X | L6: X
A7: 4 | B7: 0 | C7: =INDEX(cursoDisciplina!$A$4:$F$112,MATCH(disciplinaGrade!B7,cursoDisciplina!$A$4:$A$112,0),MATCH(cursoDisciplina!$C$4,cursoDisciplina!$A$4:$F$4,0)) -> #N/A | D7: =INDEX(cursoDisciplina!$A$4:$F$112,MATCH(disciplinaGrade!B7,cursoDisciplina!$A$4:$A$112,0),MATCH(cursoDisciplina!$E$4,cursoDisciplina!$A$4:$F$4,0)) -> #N/A | E7: Sexta | F7: Manha | G7: X | H7: X | I7: X | J7: X
A8: 5 | B8: 0 | C8: =INDEX(cursoDisciplina!$A$4:$F$112,MATCH(disciplinaGrade!B8,cursoDisciplina!$A$4:$A$112,0),MATCH(cursoDisciplina!$C$4,cursoDisciplina!$A$4:$F$4,0)) -> #N/A | D8: =INDEX(cursoDisciplina!$A$4:$F$112,MATCH(disciplinaGrade!B8,cursoDisciplina!$A$4:$A$112,0),MATCH(cursoDisciplina!$E$4,cursoDisciplina!$A$4:$F$4,0)) -> #N/A | E8: Segunda | F8: Manha | G8: X | H8: X | I8: X | J8: X | K8: X | L8: X
A9: 6 | B9: 0 | C9: =INDEX(cursoDisciplina!$A$4:$F$112,MATCH(disciplinaGrade!B9,cursoDisciplina!$A$4:$A$112,0),MATCH(cursoDisciplina!$C$4,cursoDisciplina!$A$4:$F$4,0)) -> #N/A | D9: =INDEX(cursoDisciplina!$A$4:$F$112,MATCH(disciplinaGrade!B9,cursoDisciplina!$A$4:$A$112,0),MATCH(cursoDisciplina!$E$4,cursoDisciplina!$A$4:$F$4,0)) -> #N/A | E9: Segunda | F9: Manha | G9: X | H9: X | I9: X | J9: X | K9: X | L9: X
A10: 7 | B10: 0 | C10: =INDEX(cursoDisciplina!$A$4:$F$112,MATCH(disciplinaGrade!B10,cursoDisciplina!$A$4:$A$112,0),MATCH(cursoDisciplina!$C$4,cursoDisciplina!$A$4:$F$4,0)) -> #N/A | D10: =INDEX(cursoDisciplina!$A$4:$F$112,MATCH(disciplinaGrade!B10,cursoDisciplina!$A$4:$A$112,0),MATCH(cursoDisciplina!$E$4,cursoDisciplina!$A$4:$F$4,0)) -> #N/A | E10: Segunda | F10: Manha | G10: X | H10: X | I10: X | J10: X | K10: X | L10: X
A11: 8 | B11: 0 | C11: =INDEX(cursoDisciplina!$A$4:$F$112,MATCH(disciplinaGrade!B11,cursoDisciplina!$A$4:$A$112,0),MATCH(cursoDisciplina!$C$4,cursoDisciplina!$A$4:$F$4,0)) -> #N/A | D11: =INDEX(cursoDisciplina!$A$4:$F$112,MATCH(disciplinaGrade!B11,cursoDisciplina!$A$4:$A$112,0),MATCH(cursoDisciplina!$E$4,cursoDisciplina!$A$4:$F$4,0)) -> #N/A | E11: Segunda | F11: Manha | G11: X | H11: X | I11: X | J11: X | K11: X | L11: X
A12: 9 | B12: 0 | C12: =INDEX(cursoDisciplina!$A$4:$F$112,MATCH(disciplinaGrade!B12,cursoDisciplina!$A$4:$A$112,0),MATCH(cursoDisciplina!$C$4,cursoDisciplina!$A$4:$F$4,0)) -> #N/A | D12: =INDEX(cursoDisciplina!$A$4:$F$112,MATCH(disciplinaGrade!B12,cursoDisciplina!$A$4:$A$112,0),MATCH(cursoDisciplina!$E$4,cursoDisciplina!$A$4:$F$4,0)) -> #N/A | E12: Segunda | F12: Manha | G12: X | H12: X | I12: X | J12: X | K12: X | L12: X
A13: 10 | B13: 0 | C13: =INDEX(cursoDisciplina!$A$4:$F$112,MATCH(disciplinaGrade!B13,cursoDisciplina!$A$4:$A$112,0),MATCH(cursoDisciplina!$C$4,cursoDisciplina!$A$4:$F$4,0)) -> #N/A | D13: =INDEX(cursoDisciplina!$A$4:$F$112,MATCH(disciplinaGrade!B13,cursoDisciplina!$A$4:$A$112,0),MATCH(cursoDisciplina!$E$4,cursoDisciplina!$A$4:$F$4,0)) -> #N/A | E13: Segunda | F13: Manha | G13: X | H13: X | I13: X | J13: X | K13: X | L13: X
A14: 11 | B14: 0 | C14: =INDEX(cursoDisciplina!$A$4:$F$112,MATCH(disciplinaGrade!B14,cursoDisciplina!$A$4:$A$112,0),MATCH(cursoDisciplina!$C$4,cursoDisciplina!$A$4:$F$4,0)) -> #N/A | D14: =INDEX(cursoDisciplina!$A$4:$F$112,MATCH(disciplinaGrade!B14,cursoDisciplina!$A$4:$A$112,0),MATCH(cursoDisciplina!$E$4,cursoDisciplina!$A$4:$F$4,0)) -> #N/A | E14: Segunda | F14: Manha | G14: X | H14: X | I14: X | J14: X | K14: X | L14: X
A15: 12 | B15: 0 | C15: =INDEX(cursoDisciplina!$A$4:$F$112,MATCH(disciplinaGrade!B15,cursoDisciplina!$A$4:$A$112,0),MATCH(cursoDisciplina!$C$4,cursoDisciplina!$A$4:$F$4,0)) -> #N/A | D15: =INDEX(cursoDisciplina!$A$4:$F$112,MATCH(disciplinaGrade!B15,cursoDisciplina!$A$4:$A$112,0),MATCH(cursoDisciplina!$E$4,cursoDisciplina!$A$4:$F$4,0)) -> #N/A | E15: Segunda | F15: Manha | G15: X | H15: X | I15: X | J15: X | K15: X | L15: X
A16: 13 | B16: 0 | C16: =INDEX(cursoDisciplina!$A$4:$F$112,MATCH(disciplinaGrade!B16,cursoDisciplina!$A$4:$A$112,0),MATCH(cursoDisciplina!$C$4,cursoDisciplina!$A$4:$F$4,0)) -> #N/A | D16: =INDEX(cursoDisciplina!$A$4:$F$112,MATCH(disciplinaGrade!B16,cursoDisciplina!$A$4:$A$112,0),MATCH(cursoDisciplina!$E$4,cursoDisciplina!$A$4:$F$4,0)) -> #N/A | E16: Segunda | F16: Manha | G16: X | H16: X | I16: X | J16: X | K16: X | L16: X
A17: 14 | B17: 0 | C17: =INDEX(cursoDisciplina!$A$4:$F$112,MATCH(disciplinaGrade!B17,cursoDisciplina!$A$4:$A$112,0),MATCH(cursoDisciplina!$C$4,cursoDisciplina!$A$4:$F$4,0)) -> #N/A | D17: =INDEX(cursoDisciplina!$A$4:$F$112,MATCH(disciplinaGrade!B17,cursoDisciplina!$A$4:$A$112,0),MATCH(cursoDisciplina!$E$4,cursoDisciplina!$A$4:$F$4,0)) -> #N/A | E17: Segunda | F17: Manha | G17: X | H17: X | I17: X | J17: X | K17: X | L17: X
A18: 15 | B18: 0 | C18: =INDEX(cursoDisciplina!$A$4:$F$112,MATCH(disciplinaGrade!B18,cursoDisciplina!$A$4:$A$112,0),MATCH(cursoDisciplina!$C$4,cursoDisciplina!$A$4:$F$4,0)) -> #N/A | D18: =INDEX(cursoDisciplina!$A$4:$F$112,MATCH(disciplinaGrade!B18,cursoDisciplina!$A$4:$A$112,0),MATCH(cursoDisciplina!$E$4,cursoDisciplina!$A$4:$F$4,0)) -> #N/A | E18: Segunda | F18: Manha | G18: X | H18: X | I18: X | J18: X | K18: X | L18: X
A19: 16 | B19: 0 | C19: =INDEX(cursoDisciplina!$A$4:$F$112,MATCH(disciplinaGrade!B19,cursoDisciplina!$A$4:$A$112,0),MATCH(cursoDisciplina!$C$4,cursoDisciplina!$A$4:$F$4,0)) -> #N/A | D19: =INDEX(cursoDisciplina!$A$4:$F$112,MATCH(disciplinaGrade!B19,cursoDisciplina!$A$4:$A$112,0),MATCH(cursoDisciplina!$E$4,cursoDisciplina!$A$4:$F$4,0)) -> #N/A | E19: Segunda | F19: Manha | G19: X | H19: X | I19: X | J19: X | K19: X | L19: X
A20: 17 | B20: 1 | C20: =INDEX(cursoDisciplina!$A$4:$F$112,MATCH(disciplinaGrade!B20,cursoDisciplina!$A$4:$A$112,0),MATCH(cursoDisciplina!$C$4,cursoDisciplina!$A$4:$F$4,0)) -> ADS | D20: =INDEX(cursoDisciplina!$A$4:$F$112,MATCH(disciplinaGrade!B20,cursoDisciplina!$A$4:$A$112,0),MATCH(cursoDisciplina!$E$4,cursoDisciplina!$A$4:$F$4,0)) -> laboratóeio de engenharia de Software | E20: Quarta | F20: Tarde | G20: X | H20: X | I20: X | J20: X
A21: 18 | B21: 1 | C21: =INDEX(cursoDisciplina!$A$4:$F$112,MATCH(disciplinaGrade!B21,cursoDisciplina!$A$4:$A$112,0),MATCH(cursoDisciplina!$C$4,cursoDisciplina!$A$4:$F$4,0)) -> ADS | D21: =INDEX(cursoDisciplina!$A$4:$F$112,MATCH(disciplinaGrade!B21,cursoDisciplina!$A$4:$A$112,0),MATCH(cursoDisciplina!$E$4,cursoDisciplina!$A$4:$F$4,0)) -> laboratóeio de engenharia de Software | E21: Quarta | F21: Noite | I21: X | J21: X | K21: X | L21: X
A22: 19 | B22: 3 | C22: =INDEX(cursoDisciplina!$A$4:$F$112,MATCH(disciplinaGrade!B22,cursoDisciplina!$A$4:$A$112,0),MATCH(cursoDisciplina!$C$4,cursoDisciplina!$A$4:$F$4,0)) -> ADS | D22: =INDEX(cursoDisciplina!$A$4:$F$112,MATCH(disciplinaGrade!B22,cursoDisciplina!$A$4:$A$112,0),MATCH(cursoDisciplina!$E$4,cursoDisciplina!$A$4:$F$4,0)) -> PEM | E22: Sexta | F22: Tarde | G22: X | H22: X | I22: X | J22: X
A23: 20 | B23: 4 | C23: =INDEX(cursoDisciplina!$A$4:$F$112,MATCH(disciplinaGrade!B23,cursoDisciplina!$A$4:$A$112,0),MATCH(cursoDisciplina!$C$4,cursoDisciplina!$A$4:$F$4,0)) -> BigData | D23: =INDEX(cursoDisciplina!$A$4:$F$112,MATCH(disciplinaGrade!B23,cursoDisciplina!$A$4:$A$112,0),MATCH(cursoDisciplina!$E$4,cursoDisciplina!$A$4:$F$4,0)) -> Estrutura de Dados | E23: Sexta | F23: Manha | I23: X | J23: X | K23: X | L23: X
A24: 21 | B24: 21 | C24: =INDEX(cursoDisciplina!$A$4:$F$112,MATCH(disciplinaGrade!B24,cursoDisciplina!$A$4:$A$112,0),MATCH(cursoDisciplina!$C$4,cursoDisciplina!$A$4:$F$4,0)) -> BigData | D24: =INDEX(cursoDisciplina!$A$4:$F$112,MATCH(disciplinaGrade!B24,cursoDisciplina!$A$4:$A$112,0),MATCH(cursoDisciplina!$E$4,cursoDisciplina!$A$4:$F$4,0)) -> Disciplina 6 | E24: Segunda | F24: Manha | G24: X | H24: X | I24: X | J24: X | K24: X | L24: X
A25: 22 | B25: 22 | C25: =INDEX(cursoDisciplina!$A$4:$F$112,MATCH(disciplinaGrade!B25,cursoDisciplina!$A$4:$A$112,0),MATCH(cursoDisciplina!$C$4,cursoDisciplina!$A$4:$F$4,0)) -> BigData | D25: =INDEX(cursoDisciplina!$A$4:$F$112,MATCH(disciplinaGrade!B25,cursoDisciplina!$A$4:$A$112,0),MATCH(cursoDisciplina!$E$4,cursoDisciplina!$A$4:$F$4,0)) -> Disciplina 7 | E25: Segunda | F25: Manha | G25: X | H25: X | I25: X | J25: X | K25: X | L25: X
A26: 23 | B26: 23 | C26: =INDEX(cursoDisciplina!$A$4:$F$112,MATCH(disciplinaGrade!B26,cursoDisciplina!$A$4:$A$112,0),MATCH(cursoDisciplina!$C$4,cursoDisciplina!$A$4:$F$4,0)) -> BigData | D26: =INDEX(cursoDisciplina!$A$4:$F$112,MATCH(disciplinaGrade!B26,cursoDisciplina!$A$4:$A$112,0),MATCH(cursoDisciplina!$E$4,cursoDisciplina!$A$4:$F$4,0)) -> Disciplina 8 | E26: Segunda | F26: Manha | G26: X | H26: X | I26: X | J26: X | K26: X | L26: X
A27: 24 | B27: 24 | C27: =INDEX(cursoDisciplina!$A$4:$F$112,MATCH(disciplinaGrade!B27,cursoDisciplina!$A$4:$A$112,0),MATCH(cursoDisciplina!$C$4,cursoDisciplina!$A$4:$F$4,0)) -> BigData | D27: =INDEX(cursoDisciplina!$A$4:$F$112,MATCH(disciplinaGrade!B27,cursoDisciplina!$A$4:$A$112,0),MATCH(cursoDisciplina!$E$4,cursoDisciplina!$A$4:$F$4,0)) -> Disciplina 9 | E27: Segunda | F27: Manha | G27: X | H27: X | I27: X | J27: X | K27: X | L27: X
A28: 25 | B28: 25 | C28: =INDEX(cursoDisciplina!$A$4:$F$112,MATCH(disciplinaGrade!B28,cursoDisciplina!$A$4:$A$112,0),MATCH(cursoDisciplina!$C$4,cursoDisciplina!$A$4:$F$4,0)) -> BigData | D28: =INDEX(cursoDisciplina!$A$4:$F$112,MATCH(disciplinaGrade!B28,cursoDisciplina!$A$4:$A$112,0),MATCH(cursoDisciplina!$E$4,cursoDisciplina!$A$4:$F$4,0)) -> Disciplina 10 | E28: Segunda | F28: Manha | G28: X | H28: X | I28: X | J28: X | K28: X | L28: X
A29: 26 | B29: 26 | C29: =INDEX(cursoDisciplina!$A$4:$F$112,MATCH(disciplinaGrade!B29,cursoDisciplina!$A$4:$A$112,0),MATCH(cursoDisciplina!$C$4,cursoDisciplina!$A$4:$F$4,0)) -> BigData | D29: =INDEX(cursoDisciplina!$A$4:$F$112,MATCH(disciplinaGrade!B29,cursoDisciplina!$A$4:$A$112,0),MATCH(cursoDisciplina!$E$4,cursoDisciplina!$A$4:$F$4,0)) -> Disciplina 11 | E29: Segunda | F29: Manha | G29: X | H29: X | I29: X | J29: X | K29: X | L29: X
A30: 27 | B30: 27 | C30: =INDEX(cursoDisciplina!$A$4:$F$112,MATCH(disciplinaGrade!B30,cursoDisciplina!$A$4:$A$112,0),MATCH(cursoDisciplina!$C$4,cursoDisciplina!$A$4:$F$4,0)) -> BigData | D30: =INDEX(cursoDisciplina!$A$4:$F$112,MATCH(disciplinaGrade!B30,cursoDisciplina!$A$4:$A$112,0),MATCH(cursoDisciplina!$E$4,cursoDisciplina!$A$4:$F$4,0)) -> Disciplina 12 | E30: Segunda | F30: Manha | G30: X | H30: X | I30: X | J30: X | K30: X | L30: X
A31: 28 | B31: 28 | C31: =INDEX(cursoDisciplina!$A$4:$F$112,MATCH(disciplinaGrade!B31,cursoDisciplina!$A$4:$A$112,0),MATCH(cursoDisciplina!$C$4,cursoDisciplina!$A$4:$F$4,0)) -> BigData | D31: =INDEX(cursoDisciplina!$A$4:$F$112,MATCH(disciplinaGrade!B31,cursoDisciplina!$A$4:$A$112,0),MATCH(cursoDisciplina!$E$4,cursoDisciplina!$A$4:$F$4,0)) -> Disciplina 13 | E31: Segunda | F31: Manha | G31: X | H31: X | I31: X | J31: X | K31: X | L31: X
A32: 29 | B32: 29 | C32: =INDEX(cursoDisciplina!$A$4:$F$112,MATCH(disciplinaGrade!B32,cursoDisciplina!$A$4:$A$112,0),MATCH(cursoDisciplina!$C$4,cursoDisciplina!$A$4:$F$4,0)) -> BigData | D32: =INDEX(cursoDisciplina!$A$4:$F$112,MATCH(disciplinaGrade!B32,cursoDisciplina!$A$4:$A$112,0),MATCH(cursoDisciplina!$E$4,cursoDisciplina!$A$4:$F$4,0)) -> Disciplina 14 | E32: Segunda | F32: Manha | G32: X | H32: X | I32: X | J32: X | K32: X | L32: X
A33: 30 | B33: 30 | C33: =INDEX(cursoDisciplina!$A$4:$F$112,MATCH(disciplinaGrade!B33,cursoDisciplina!$A$4:$A$112,0),MATCH(cursoDisciplina!$C$4,cursoDisciplina!$A$4:$F$4,0)) -> curso 3 | D33: =INDEX(cursoDisciplina!$A$4:$F$112,MATCH(disciplinaGrade!B33,cursoDisciplina!$A$4:$A$112,0),MATCH(cursoDisciplina!$E$4,cursoDisciplina!$A$4:$F$4,0)) -> laboratóeio de engenharia de Software | E33: Segunda | F33: Manha | G33: X | H33: X | I33: X | J33: X | K33: X | L33: X
A34: 31 | B34: 31 | C34: =INDEX(cursoDisciplina!$A$4:$F$112,MATCH(disciplinaGrade!B34,cursoDisciplina!$A$4:$A$112,0),MATCH(cursoDisciplina!$C$4,cursoDisciplina!$A$4:$F$4,0)) -> curso 3 | D34: =INDEX(cursoDisciplina!$A$4:$F$112,MATCH(disciplinaGrade!B34,cursoDisciplina!$A$4:$A$112,0),MATCH(cursoDisciplina!$E$4,cursoDisciplina!$A$4:$F$4,0)) -> Estrutura de Dados | E34: Segunda | F34: Manha | G34: X | H34: X | I34: X | J34: X | K34: X | L34: X
A35: 32 | B35: 32 | C35: =INDEX(cursoDisciplina!$A$4:$F$112,MATCH(disciplinaGrade!B35,cursoDisciplina!$A$4:$A$112,0),MATCH(cursoDisciplina!$C$4,cursoDisciplina!$A$4:$F$4,0)) -> curso 3 | D35: =INDEX(cursoDisciplina!$A$4:$F$112,MATCH(disciplinaGrade!B35,cursoDisciplina!$A$4:$A$112,0),MATCH(cursoDisciplina!$E$4,cursoDisciplina!$A$4:$F$4,0)) -> PEM | E35: Segunda | F35: Manha | G35: X | H35: X | I35: X | J35: X | K35: X | L35: X
... A400: 397 | B400: 54 | C400: =INDEX(cursoDisciplina!$A$4:$F$112,MATCH(disciplinaGrade!B400,cursoDisciplina!$A$4:$A$112,0),MATCH(cursoDisciplina!$C$4,cursoDisciplina!$A$4:$F$4,0)) -> curso 3 | D400: =INDEX(cursoDisciplina!$A$4:$F$112,MATCH(disciplinaGrade!B400,cursoDisciplina!$A$4:$A$112,0),MATCH(cursoDisciplina!$E$4,cursoDisciplina!$A$4:$F$4,0)) -> Disciplina 25 | E400: Segunda | F400: Manha | G400: X | H400: X | I400: X | J400: X | K400: X | L400: X
